{
  "formula": {
    "smoothing": "laplace(+1)",
    "category": "(total+1)/(allTotal+N)",
    "month": "(monthCount+1)/(total+12)",
    "weekday": "(weekdayCount+1)/(total+7)",
    "categoryMultiplier": "categoryWeight*N",
    "monthMultiplier": "monthWeight*12",
    "weekdayMultiplier": "weekdayWeight*7",
    "combined": "categoryMultiplier*monthMultiplier*weekdayMultiplier"
  },
  "meta": {
    "source": "时间分析.xlsx",
    "sheets": [
      "月份热度",
      "星期热度",
      "业态汇总"
    ],
    "categories": [
      "ACGN",
      "Auto",
      "Beauty",
      "Culture&Art",
      "F&B",
      "Lifestyle",
      "Public",
      "Star"
    ],
    "allTotalEvents": 444
  },
  "weightsByCategory": {
    "ACGN": {
      "totalEvents": 79,
      "avgDurationDays": 22.949,
      "categoryWeight": 0.176991,
      "categoryMultiplier": 1.415928,
      "monthWeights": {
        "1": 0.142857,
        "2": 0.076923,
        "3": 0.054945,
        "4": 0.087912,
        "5": 0.087912,
        "6": 0.076923,
        "7": 0.098901,
        "8": 0.10989,
        "9": 0.087912,
        "10": 0.043956,
        "11": 0.032967,
        "12": 0.098901
      },
      "weekdayWeights": {
        "1": 0.197674,
        "2": 0.139535,
        "3": 0.116279,
        "4": 0.081395,
        "5": 0.27907,
        "6": 0.139535,
        "7": 0.046512
      },
      "monthMultipliers": {
        "1": 1.714284,
        "2": 0.923076,
        "3": 0.65934,
        "4": 1.054944,
        "5": 1.054944,
        "6": 0.923076,
        "7": 1.186812,
        "8": 1.31868,
        "9": 1.054944,
        "10": 0.527472,
        "11": 0.395604,
        "12": 1.186812
      },
      "weekdayMultipliers": {
        "1": 1.383718,
        "2": 0.976745,
        "3": 0.813953,
        "4": 0.569765,
        "5": 1.95349,
        "6": 0.976745,
        "7": 0.325584
      }
    },
    "Auto": {
      "totalEvents": 8,
      "avgDurationDays": 7.5,
      "categoryWeight": 0.019912,
      "categoryMultiplier": 0.159296,
      "monthWeights": {
        "1": 0.05,
        "2": 0.1,
        "3": 0.1,
        "4": 0.2,
        "5": 0.1,
        "6": 0.1,
        "7": 0.05,
        "8": 0.05,
        "9": 0.05,
        "10": 0.1,
        "11": 0.05,
        "12": 0.05
      },
      "weekdayWeights": {
        "1": 0.133333,
        "2": 0.133333,
        "3": 0.133333,
        "4": 0.133333,
        "5": 0.266667,
        "6": 0.066667,
        "7": 0.133333
      },
      "monthMultipliers": {
        "1": 0.6,
        "2": 1.2,
        "3": 1.2,
        "4": 2.4,
        "5": 1.2,
        "6": 1.2,
        "7": 0.6,
        "8": 0.6,
        "9": 0.6,
        "10": 1.2,
        "11": 0.6,
        "12": 0.6
      },
      "weekdayMultipliers": {
        "1": 0.933331,
        "2": 0.933331,
        "3": 0.933331,
        "4": 0.933331,
        "5": 1.866669,
        "6": 0.466669,
        "7": 0.933331
      }
    },
    "Beauty": {
      "totalEvents": 38,
      "avgDurationDays": 12.684,
      "categoryWeight": 0.086283,
      "categoryMultiplier": 0.690264,
      "monthWeights": {
        "1": 0.1,
        "2": 0.04,
        "3": 0.08,
        "4": 0.18,
        "5": 0.06,
        "6": 0.04,
        "7": 0.08,
        "8": 0.1,
        "9": 0.06,
        "10": 0.08,
        "11": 0.06,
        "12": 0.12
      },
      "weekdayWeights": {
        "1": 0.088889,
        "2": 0.111111,
        "3": 0.155556,
        "4": 0.155556,
        "5": 0.222222,
        "6": 0.2,
        "7": 0.066667
      },
      "monthMultipliers": {
        "1": 1.2,
        "2": 0.48,
        "3": 0.96,
        "4": 2.16,
        "5": 0.72,
        "6": 0.48,
        "7": 0.96,
        "8": 1.2,
        "9": 0.72,
        "10": 0.96,
        "11": 0.72,
        "12": 1.44
      },
      "weekdayMultipliers": {
        "1": 0.622223,
        "2": 0.777777,
        "3": 1.088892,
        "4": 1.088892,
        "5": 1.555554,
        "6": 1.4,
        "7": 0.466669
      }
    },
    "Culture&Art": {
      "totalEvents": 142,
      "avgDurationDays": 12.725,
      "categoryWeight": 0.316372,
      "categoryMultiplier": 2.530976,
      "monthWeights": {
        "1": 0.168831,
        "2": 0.175325,
        "3": 0.058442,
        "4": 0.058442,
        "5": 0.051948,
        "6": 0.077922,
        "7": 0.032468,
        "8": 0.025974,
        "9": 0.116883,
        "10": 0.103896,
        "11": 0.064935,
        "12": 0.064935
      },
      "weekdayWeights": {
        "1": 0.09396,
        "2": 0.114094,
        "3": 0.154362,
        "4": 0.147651,
        "5": 0.14094,
        "6": 0.181208,
        "7": 0.167785
      },
      "monthMultipliers": {
        "1": 2.025972,
        "2": 2.1039,
        "3": 0.701304,
        "4": 0.701304,
        "5": 0.623376,
        "6": 0.935064,
        "7": 0.389616,
        "8": 0.311688,
        "9": 1.402596,
        "10": 1.246752,
        "11": 0.77922,
        "12": 0.77922
      },
      "weekdayMultipliers": {
        "1": 0.65772,
        "2": 0.798658,
        "3": 1.080534,
        "4": 1.033557,
        "5": 0.98658,
        "6": 1.268456,
        "7": 1.174495
      }
    },
    "F&B": {
      "totalEvents": 24,
      "avgDurationDays": 13.5,
      "categoryWeight": 0.05531,
      "categoryMultiplier": 0.44248,
      "monthWeights": {
        "1": 0.083333,
        "2": 0.111111,
        "3": 0.083333,
        "4": 0.083333,
        "5": 0.138889,
        "6": 0.166667,
        "7": 0.083333,
        "8": 0.055556,
        "9": 0.083333,
        "10": 0.055556,
        "11": 0.027778,
        "12": 0.027778
      },
      "weekdayWeights": {
        "1": 0.129032,
        "2": 0.16129,
        "3": 0.064516,
        "4": 0.193548,
        "5": 0.129032,
        "6": 0.129032,
        "7": 0.193548
      },
      "monthMultipliers": {
        "1": 0.999996,
        "2": 1.333332,
        "3": 0.999996,
        "4": 0.999996,
        "5": 1.666668,
        "6": 2.000004,
        "7": 0.999996,
        "8": 0.666672,
        "9": 0.999996,
        "10": 0.666672,
        "11": 0.333336,
        "12": 0.333336
      },
      "weekdayMultipliers": {
        "1": 0.903224,
        "2": 1.12903,
        "3": 0.451612,
        "4": 1.354836,
        "5": 0.903224,
        "6": 0.903224,
        "7": 1.354836
      }
    },
    "Lifestyle": {
      "totalEvents": 102,
      "avgDurationDays": 14.637,
      "categoryWeight": 0.227876,
      "categoryMultiplier": 1.823008,
      "monthWeights": {
        "1": 0.087719,
        "2": 0.087719,
        "3": 0.096491,
        "4": 0.070175,
        "5": 0.140351,
        "6": 0.061404,
        "7": 0.070175,
        "8": 0.078947,
        "9": 0.114035,
        "10": 0.052632,
        "11": 0.061404,
        "12": 0.078947
      },
      "weekdayWeights": {
        "1": 0.12844,
        "2": 0.073394,
        "3": 0.091743,
        "4": 0.100917,
        "5": 0.266055,
        "6": 0.211009,
        "7": 0.12844
      },
      "monthMultipliers": {
        "1": 1.052628,
        "2": 1.052628,
        "3": 1.157892,
        "4": 0.8421,
        "5": 1.684212,
        "6": 0.736848,
        "7": 0.8421,
        "8": 0.947364,
        "9": 1.36842,
        "10": 0.631584,
        "11": 0.736848,
        "12": 0.947364
      },
      "weekdayMultipliers": {
        "1": 0.89908,
        "2": 0.513758,
        "3": 0.642201,
        "4": 0.706419,
        "5": 1.862385,
        "6": 1.477063,
        "7": 0.89908
      }
    },
    "Public": {
      "totalEvents": 25,
      "avgDurationDays": 3.48,
      "categoryWeight": 0.057522,
      "categoryMultiplier": 0.460176,
      "monthWeights": {
        "1": 0.081081,
        "2": 0.081081,
        "3": 0.162162,
        "4": 0.081081,
        "5": 0.135135,
        "6": 0.054054,
        "7": 0.027027,
        "8": 0.054054,
        "9": 0.108108,
        "10": 0.027027,
        "11": 0.054054,
        "12": 0.135135
      },
      "weekdayWeights": {
        "1": 0.09375,
        "2": 0.21875,